project_name,classification,type,department_allocation
abaer-9b1f9ee9,Internal Use,Sandbox Cloud Individual Project,sales-cs
abuerer-a78a989f,Internal Use,Sandbox Cloud Individual Project,eng-support
acaiazza-8d287a40,Internal Use,Sandbox Cloud Individual Project,eng-infra
achueshev-4ed36838,Internal Use,Sandbox Cloud Individual Project,eng-dev
aconrad-ba73e1c7,Internal Use,Sandbox Cloud Individual Project,eng-support
acunskis-86cd54d2,Internal Use,Sandbox Cloud Individual Project,eng-quality
adess-821d175b,Internal Use,Sandbox Cloud Individual Project,sales-cs
agounder-7bb8105c,Internal Use,Sandbox Cloud Individual Project,eng-support
ahassanahmed-b6f57644,Internal Use,Sandbox Cloud Individual Project,eng-support
aherczeg-c7501b4e,Internal Use,Sandbox Cloud Individual Project,eng-dev
ahergenhan-ade04723,Internal Use,Sandbox Cloud Individual Project,eng-support
ahmad-f825a0e7,Internal Use,Sandbox Cloud Individual Project,eng-infra
akalderimis-a6e568f2,Internal Use,Sandbox Cloud Individual Project,eng-dev
alipniagov-c14e6039,Internal Use,Sandbox Cloud Individual Project,eng-dev
alockhart-bdf9420a,Internal Use,Sandbox Cloud Individual Project,eng-security
aluna-98d24398,Internal Use,Sandbox Cloud Individual Project,eng-dev
alyubenkov-8ee75f2f,Internal Use,Sandbox Cloud Individual Project,eng-quality
amichell-165e1cd9,Internal Use,Sandbox Cloud Individual Project,sales-cs
amulvany-7de7e8de,Internal Use,Sandbox Cloud Individual Project,eng-support
anazir-eb91a503,Internal Use,Sandbox Cloud Individual Project,eng-support
andlovu-da4f2d60,Internal Use,Sandbox Cloud Individual Project,eng-ux
anganga-5972de1f,Internal Use,Sandbox Cloud Individual Project,eng-infra
apatterson-c74dc3c3,Internal Use,Sandbox Cloud Individual Project,eng-dev
apierce-44a7f44f,Internal Use,Sandbox Cloud Individual Project,eng-support
areddy-9c1032f4,Internal Use,Sandbox Cloud Individual Project,eng-support
argdealba-14740914,Internal Use,Sandbox Cloud Individual Project,eng-support
arihant-1edae166,Internal Use,Sandbox Cloud Individual Project,eng-support
arosencrans-a4d54592,Internal Use,Sandbox Cloud Individual Project,sales-ps-consulting
asalii-4d470a0b,Internal Use,Sandbox Cloud Individual Project,eng-support
asalim-d9511744,Internal Use,Sandbox Cloud Individual Project,eng-dev
asmith-13c3de91,Internal Use,Sandbox Cloud Individual Project,eng-support
asori-44590710,Internal Use,Sandbox Cloud Individual Project,eng-dev
astarovoytov-5992b519,Internal Use,Sandbox Cloud Individual Project,eng-support
astrachan-80c27b0e,Internal Use,Sandbox Cloud Individual Project,eng-support
atanayno-4bfbd21c,Internal Use,Sandbox Cloud Individual Project,eng-support
atolba-5a4985be,Internal Use,Sandbox Cloud Individual Project,eng-infra
authomize-0efdaed2,Internal Use,Sandbox Cloud Individual Project,business-tech-realm
awinata-5ccb64c2,Internal Use,Sandbox Cloud Individual Project,eng-support
axil-635e068f,Internal Use,Sandbox Cloud Individual Project,eng-ux
ayeung-3aed10fa,Internal Use,Sandbox Cloud Individual Project,eng-infra
balasankar-7392e0f2,Internal Use,Sandbox Cloud Individual Project,eng-dev
bboots-ea1b3f1f,Internal Use,Sandbox Cloud Individual Project,eng-security
bcarbonell-6d302357,Internal Use,Sandbox Cloud Individual Project,eng-support
bcarranza-ad014234,Internal Use,Sandbox Cloud Individual Project,eng-support
bfreitas-0637e356,Internal Use,Sandbox Cloud Individual Project,eng-support
bhenzelmann-af13fc8f,Internal Use,Sandbox Cloud Individual Project,sales-cs
bjayes-9d526a35,Internal Use,Sandbox Cloud Individual Project,eng-support
bking-a7d60323,Internal Use,Sandbox Cloud Individual Project,eng-support
bleducmills-c2c131b8,Internal Use,Sandbox Cloud Individual Project,eng-ux
blee-ae97ab42,Internal Use,Sandbox Cloud Individual Project,sales-cs
bma-29352d20,Internal Use,Sandbox Cloud Individual Project,sales-cs
bnyaringita-369ecd0b,Internal Use,Sandbox Cloud Individual Project,eng-support
bob-24687565,Internal Use,Sandbox Cloud Individual Project,eng-infra
boleary-15e45293,Internal Use,Sandbox Cloud Individual Project,mktg-community
bsevy-27469a30,Internal Use,Sandbox Cloud Individual Project,eng-support
bzhang-78d73a68,Internal Use,Sandbox Cloud Individual Project,sales-cs
cbarrett-266c50f3,Internal Use,Sandbox Cloud Individual Project,eng-infra
cbledsoe-425be2ef,Internal Use,Sandbox Cloud Individual Project,eng-support
cburton-fb0e3ad5,Internal Use,Sandbox Cloud Individual Project,sales-cs
ccartron-ad813553,Internal Use,Sandbox Cloud Individual Project,sales-cs
ccasella-21e24f76,Internal Use,Sandbox Cloud Individual Project,eng-infra
cchampernowne-20e65360,Internal Use,Sandbox Cloud Individual Project,sales-cs
cconover-ff02f38c,Internal Use,Sandbox Cloud Individual Project,sales-cs
ccooper-57162f36,Internal Use,Sandbox Cloud Individual Project,eng-support
cday-7c223fcd,Internal Use,Sandbox Cloud Individual Project,eng-support
cdrago-d7364924,Internal Use,Sandbox Cloud Individual Project,eng-dev
cguitarte-ce635b1a,Internal Use,Sandbox Cloud Individual Project,sales-cs
cirimie-fb082371,Internal Use,Sandbox Cloud Individual Project,eng-support
ckaburu-4710d862,Internal Use,Sandbox Cloud Individual Project,eng-support
ckatanda-1f7288f0,Internal Use,Sandbox Cloud Individual Project,sales-cs
ckuruwita-bd9d576b,Internal Use,Sandbox Cloud Individual Project,eng-security
clawrence-5809019a,Internal Use,Sandbox Cloud Individual Project,eng-support
cmarais-f163b414,Internal Use,Sandbox Cloud Individual Project,eng-support
cmason-48a9f4a7,Internal Use,Sandbox Cloud Individual Project,sales-ps-consulting
cmutua-cac660ec,Internal Use,Sandbox Cloud Individual Project,eng-support
cng-c44cc657,Internal Use,Sandbox Cloud Individual Project,eng-support
cnightingale-e725fa78,Internal Use,Sandbox Cloud Individual Project,eng-support
collen-b01d9ea6,Internal Use,Sandbox Cloud Individual Project,sales-cs
csaavedra-f609ce23,Internal Use,Sandbox Cloud Individual Project,mktg-strategic
csouthard-50af2b06,Internal Use,Sandbox Cloud Individual Project,eng-dev
cstone-077375f8,Internal Use,Sandbox Cloud Individual Project,eng-support
cwiesner-0b95d9bc,Internal Use,Sandbox Cloud Individual Project,eng-dev
cwilliamson-bd46cf4a,Internal Use,Sandbox Cloud Individual Project,eng-support
cwoolley-ceef985a,Internal Use,Sandbox Cloud Individual Project,eng-dev
dappelt-27ef2190,Internal Use,Sandbox Cloud Individual Project,eng-security
dastor-081d0302,Internal Use,Sandbox Cloud Individual Project,sales-cs
dbailey-2855932,Internal Use,Sandbox Cloud Individual Project,eng-support
dbiryukov-dacbc6d5,Internal Use,Sandbox Cloud Individual Project,eng-dev
dbolkensteyn-e37e267e,Internal Use,Sandbox Cloud Individual Project,eng-dev
dcoy-b9512694,Internal Use,Sandbox Cloud Individual Project,eng-support
ddieulivol-8ac9f9af,Internal Use,Sandbox Cloud Individual Project,eng-quality
ddiniz-e4a4bcc8,Internal Use,Sandbox Cloud Individual Project,eng-support
dev-eco-integrations-00928fe7,Internal Use,Sandbox Cloud Group Project,eng-dev
dev-package-container-96a3ff34,Internal Use,Sandbox Cloud Group Project,eng-dev
dev-package-registry-db7a29c9,Internal Use,Sandbox Cloud Group Project,eng-dev
dfernandez-5494dd2c,Internal Use,Sandbox Cloud Individual Project,eng-dev
djain-24e43a7e,Internal Use,Sandbox Cloud Individual Project,eng-security
dkua-8c20b3de,Internal Use,Sandbox Cloud Individual Project,eng-support
dmakovey-c2a477b8,Internal Use,Sandbox Cloud Individual Project,eng-dev
dns-zones-a1ce7e00,Internal Use,Sandbox Cloud Individual Project,eng-managed-services
drivey-211fbfa1,Internal Use,Sandbox Cloud Individual Project,sales-cs
drossetti-99f82457,Internal Use,Sandbox Cloud Individual Project,eng-dev
dserafin-49fbe6cb,Internal Use,Sandbox Cloud Individual Project,eng-support
dstanley-cb07645f,Internal Use,Sandbox Cloud Individual Project,eng-support
dtang-b7e2b423,Internal Use,Sandbox Cloud Individual Project,eng-dev
dwainaina-8abfeff3,Internal Use,Sandbox Cloud Individual Project,eng-support
dwalker-a4c0d4b3,Internal Use,Sandbox Cloud Individual Project,eng-support
dwheeler-277df745,Internal Use,Sandbox Cloud Individual Project,ga-business-tech
ebralitis-57f9fcf3,Internal Use,Sandbox Cloud Individual Project,eng-quality
echan-3f35cbf0,Internal Use,Sandbox Cloud Individual Project,sales-cs
echang-43c48a7c,Internal Use,Sandbox Cloud Individual Project,eng-support
ehilgendorf-4c34e46e,Internal Use,Sandbox Cloud Individual Project,eng-support
emunn-2d42371a,Internal Use,Sandbox Cloud Individual Project,eng-support
emwathe-295bbdcc,Internal Use,Sandbox Cloud Individual Project,sales-cs
eng-dev-secure-vuln-2251a841,Internal Use,Sandbox Cloud Group Project,eng-dev
eortega-a5c0a240,Internal Use,Sandbox Cloud Individual Project,sales-cs
erudinsky-734d7c20,Internal Use,Sandbox Cloud Individual Project,sales-ps-consulting
esalas-ce970b66,Internal Use,Sandbox Cloud Individual Project,sales-cs
eslatt-c074bd78,Internal Use,Sandbox Cloud Individual Project,sales-cs
estrike-b2c7e3b8,Internal Use,Sandbox Cloud Individual Project,eng-security
ext-license-db-dev-d6ba6f35,Internal Use,Sandbox Cloud Group Project,eng-services-realm
ext-license-db-prd-43e2753d,Internal Use,Sandbox Cloud Group Project,eng-services-realm
faleksic-c20dc944,Internal Use,Sandbox Cloud Individual Project,eng-support
fdegier-86be477d,Internal Use,Sandbox Cloud Individual Project,eng-dev
fdiaz-02874dfa,Internal Use,Sandbox Cloud Individual Project,mktg-product
ffarukh-61d26d75,Internal Use,Sandbox Cloud Individual Project,eng-support
fsantos-dc224eb3,Internal Use,Sandbox Cloud Individual Project,eng-infra
gcorrenti-45734162,Internal Use,Sandbox Cloud Individual Project,sales-cs
ggutierrez-e41c592a,Internal Use,Sandbox Cloud Individual Project,eng-support
ghickey-294a7292,Internal Use,Sandbox Cloud Individual Project,eng-dev
gholtz-bc31d2f6,Internal Use,Sandbox Cloud Individual Project,eng-dev
gjohnson-f058ceb3,Internal Use,Sandbox Cloud Individual Project,eng-security
glam-test-021fcaf1,Internal Use,Sandbox Cloud Group Project,glam
gmarco-11d69639,Internal Use,Sandbox Cloud Individual Project,eng-infra
gmiller-3b0d9e92,Internal Use,Sandbox Cloud Individual Project,sales-ps-consulting
gmyers-c41b7852,Internal Use,Sandbox Cloud Individual Project,eng-support
gyoachum-d1847316,Internal Use,Sandbox Cloud Individual Project,eng-support
gyoung-1e42b842,Internal Use,Sandbox Cloud Individual Project,eng-quality
harish-5f395834,Internal Use,Sandbox Cloud Individual Project,eng-support
hazevedo-cc15ac71,Internal Use,Sandbox Cloud Individual Project,sales-cs
hchouraria-622c01ab,Internal Use,Sandbox Cloud Individual Project,eng-support
hmuralidhar-b05b955b,Internal Use,Sandbox Cloud Individual Project,eng-quality
hphilipps-0ca44645,Internal Use,Sandbox Cloud Individual Project,eng-infra
hsharma-c115278f,Internal Use,Sandbox Cloud Individual Project,eng-security
hustewart-be5bff04,Internal Use,Sandbox Cloud Individual Project,eng-dev
idawson-3a9c68fb,Internal Use,Sandbox Cloud Individual Project,eng-dev
iforde-93424737,Internal Use,Sandbox Cloud Individual Project,ga-it
imurray-50aeb3e5,Internal Use,Sandbox Cloud Individual Project,eng-dev
instruqt-images-b4cbe594,Internal Use,Sandbox Cloud Group Project,sales-ps-education
iouhab-6ab1473d,Internal Use,Sandbox Cloud Individual Project,sales-cs
iperillo-2cd84f14,Internal Use,Sandbox Cloud Individual Project,eng-support
it-ops-config-mgmt-bdc02252,Internal Use,Sandbox Cloud Group Project,business-tech-realm
iyoo-4119b47c,Internal Use,Sandbox Cloud Individual Project,sales-cs
james-f2cbfe49,Internal Use,Sandbox Cloud Individual Project,eng-dev
jariel-8379e330,Internal Use,Sandbox Cloud Individual Project,sales-cs
jbowles-7b3d802d,Internal Use,Sandbox Cloud Individual Project,sales-cs
jburnett-ad8e5d54,Internal Use,Sandbox Cloud Individual Project,eng-dev
jbush-d52d302f,Internal Use,Sandbox Cloud Individual Project,sales-cs
jcastillo-38c54d28,Internal Use,Sandbox Cloud Individual Project,eng-support
jchoi2-210eaeef,Internal Use,Sandbox Cloud Individual Project,sales-ps-education
jcunha-09036dcf,Internal Use,Sandbox Cloud Individual Project,eng-dev
jdasmarinas-f4ae0ec6,Internal Use,Sandbox Cloud Individual Project,eng-support
jen-shin-c38fa29b,Internal Use,Sandbox Cloud Individual Project,eng-quality
jfarmiloe-fe3f9659,Internal Use,Sandbox Cloud Individual Project,eng-support
jford-aa12c736,Internal Use,Sandbox Cloud Individual Project,ga-it
jhebden-e0199393,Internal Use,Sandbox Cloud Individual Project,eng-security
jjones-2d821a42,Internal Use,Sandbox Cloud Individual Project,sales-cs
jjoshua-b66f73fb,Internal Use,Sandbox Cloud Individual Project,eng-support
jkunzmann-86b225a1,Internal Use,Sandbox Cloud Individual Project,sales-cs
jkvedaras-219ca63f,Internal Use,Sandbox Cloud Individual Project,eng-support
jlee-0ad3d09a,Internal Use,Sandbox Cloud Individual Project,eng-support
jlim-14a072d5,Internal Use,Sandbox Cloud Individual Project,sales-cs
jlyttle-7b31e786,Internal Use,Sandbox Cloud Individual Project,eng-support
jmartin-92932d23,Internal Use,Sandbox Cloud Individual Project,sales-cs
jmartin-test141859-5f9ddf65,Internal Use,Sandbox Cloud Individual Project,sales-cs
jmartinez-99e5a214,Internal Use,Sandbox Cloud Individual Project,eng-dev
jmccure-7f2fd8b0,Internal Use,Sandbox Cloud Individual Project,eng-quality
jmcgrew-26f2ab64,Internal Use,Sandbox Cloud Individual Project,eng-support
jpereira-b5d4149e,Internal Use,Sandbox Cloud Individual Project,eng-dev
jphilbin-d582e587,Internal Use,Sandbox Cloud Individual Project,sales-cs
jrandazzo-72058b4d,Internal Use,Sandbox Cloud Individual Project,sales-cs
jreed-1bfe7946,Internal Use,Sandbox Cloud Individual Project,eng-support
jroppelt-e69190ae,Internal Use,Sandbox Cloud Individual Project,eng-security
jsandlin-c9fe7132,Internal Use,Sandbox Cloud Individual Project,sales-cs
jsawtelle-2b8767dc,Internal Use,Sandbox Cloud Individual Project,sales-practice-mgmt
jschneeweisz-0afb62a6,Internal Use,Sandbox Cloud Individual Project,eng-security
jshaw-8349b024,Internal Use,Sandbox Cloud Individual Project,eng-dev
jskarbek-e4e00e83,Internal Use,Sandbox Cloud Individual Project,eng-infra
jsolis-7771e83f,Internal Use,Sandbox Cloud Individual Project,sales-cs
jtaylor-8d08964b,Internal Use,Sandbox Cloud Individual Project,sales-cs
jthome-23a5093a,Internal Use,Sandbox Cloud Individual Project,eng-dev
juliemartin-b3e0cc2e,Internal Use,Sandbox Cloud Individual Project,eng-support
jwanjohi-9fcc2218,Internal Use,Sandbox Cloud Individual Project,eng-security
jwong-7a830367,Internal Use,Sandbox Cloud Individual Project,ga-business-tech
jyoung-d1c21572,Internal Use,Sandbox Cloud Individual Project,eng-support
kamil-f200626d,Internal Use,Sandbox Cloud Individual Project,eng-dev
kballon-1c3a72ab,Internal Use,Sandbox Cloud Individual Project,eng-support
kchasse-e6514449,Internal Use,Sandbox Cloud Individual Project,sales-cs
kdusek-5ca2cce5,Internal Use,Sandbox Cloud Individual Project,sales-cs
kgoossens-ff483d2e,Internal Use,Sandbox Cloud Individual Project,sales-cs
khrechyshkina-60eb6363,Internal Use,Sandbox Cloud Individual Project,eng-support
kkwentus-9dd8b2cc,Internal Use,Sandbox Cloud Individual Project,sales-cs
klang-23fc09e6,Internal Use,Sandbox Cloud Individual Project,eng-support
kleinweber-442245a7,Internal Use,Sandbox Cloud Individual Project,eng-support
kmarquart-f9e7e8dc,Internal Use,Sandbox Cloud Individual Project,sales-ps-education
kmchappell-01bfac7d,Internal Use,Sandbox Cloud Individual Project,eng-support
kmcknight-5c9c4d9e,Internal Use,Sandbox Cloud Individual Project,sales-cs
lblockken-786b9798,Internal Use,Sandbox Cloud Individual Project,sales-cs
lbrown-8d140765,Internal Use,Sandbox Cloud Individual Project,eng-support
lcallaghan-f27cbecf,Internal Use,Sandbox Cloud Individual Project,eng-security
lduncalfe-83462497,Internal Use,Sandbox Cloud Individual Project,eng-dev
leipert-4381be1d,Internal Use,Sandbox Cloud Individual Project,eng-dev
lfaus-f8cbc756,Internal Use,Sandbox Cloud Individual Project,sales-cs
lhowitt-47da05c8,Internal Use,Sandbox Cloud Individual Project,sales-cs
lkorbasiewicz-67276b79,Internal Use,Sandbox Cloud Individual Project,eng-support
lkozloff-5ba9ec0e,Internal Use,Sandbox Cloud Individual Project,eng-support
lstahlman-5a200f19,Internal Use,Sandbox Cloud Individual Project,sales-cs
lstucker-01cf16d9,Internal Use,Sandbox Cloud Individual Project,sales-cs
malkobaisy-3a889698,Internal Use,Sandbox Cloud Individual Project,ga-business-tech
mart-e7a6099e,Internal Use,Sandbox Cloud Individual Project,eng-dev
mbadeau-58efffc8,Internal Use,Sandbox Cloud Individual Project,eng-support
mbrandner-e72dc91b,Internal Use,Sandbox Cloud Individual Project,sales-cs
mbursi-6673d026,Internal Use,Sandbox Cloud Individual Project,eng-infra
mcesario-0154ecf6,Internal Use,Sandbox Cloud Individual Project,sales-cs
mchao-5c1aa71f,Internal Use,Sandbox Cloud Individual Project,eng-dev
mcoulibaly-7c414b2b,Internal Use,Sandbox Cloud Individual Project,sales-cs
mfield-da536f30,Internal Use,Sandbox Cloud Individual Project,eng-infra
mgibson-5f1da549,Internal Use,Sandbox Cloud Individual Project,eng-support
mgrabowski-1f688ea6,Internal Use,Sandbox Cloud Individual Project,eng-support
mhenriksen-1dd4ea8b,Internal Use,Sandbox Cloud Individual Project,eng-dev
mjoof-b628d764,Internal Use,Sandbox Cloud Individual Project,sales-cs
mkaeppler-6c0c382b,Internal Use,Sandbox Cloud Individual Project,eng-dev
mkozono-798682b9,Internal Use,Sandbox Cloud Individual Project,eng-dev
mleopard-41f2ea4a,Internal Use,Sandbox Cloud Individual Project,sales-practice-mgmt
mlockhart-56581c10,Internal Use,Sandbox Cloud Individual Project,eng-support
mlunoe-6995b129,Internal Use,Sandbox Cloud Individual Project,eng-dev
mmcvay-f10a6d99,Internal Use,Sandbox Cloud Individual Project,sales-cs
mmora-ff886fd8,Internal Use,Sandbox Cloud Individual Project,eng-support
mnichols-46593b72,Internal Use,Sandbox Cloud Individual Project,eng-ux
mnielsen-2e27a441,Internal Use,Sandbox Cloud Individual Project,eng-dev
mtrainor-d219c857,Internal Use,Sandbox Cloud Individual Project,eng-support
myacksmith-92419432,Internal Use,Sandbox Cloud Individual Project,eng-support
mzajac-5f5b7b07,Internal Use,Sandbox Cloud Individual Project,eng-dev
nblack-7175820e,Internal Use,Sandbox Cloud Individual Project,eng-support
ndao-f96e2f84,Internal Use,Sandbox Cloud Individual Project,sales-cs
ndesilva-681bb1d3,Internal Use,Sandbox Cloud Individual Project,eng-support
nduff-be401e5e,Internal Use,Sandbox Cloud Individual Project,eng-infra
nelbacha-02a64514,Internal Use,Sandbox Cloud Individual Project,eng-support
nexus-dev-bdb87b57,Internal Use,Sandbox Cloud Group Project,eng-managed-services
nexus-prd-df6830ed,Internal Use,Sandbox Cloud Group Project,eng-managed-services
nfiguera-c3fe9e64,Internal Use,Sandbox Cloud Individual Project,sales-field-ops
ngeorge-b74c7c0b,Internal Use,Sandbox Cloud Individual Project,eng-security
ning-19665496,Internal Use,Sandbox Cloud Individual Project,sales-cs
njanz-2844107e,Internal Use,Sandbox Cloud Individual Project,eng-support
nlotz-94c06c39,Internal Use,Sandbox Cloud Individual Project,sales-ps-education
nmalcolm-896b38a4,Internal Use,Sandbox Cloud Individual Project,eng-security
nrosario-d183dd87,Internal Use,Sandbox Cloud Individual Project,eng-support
nsasaki-77482576,Internal Use,Sandbox Cloud Individual Project,sales-cs
nveenhof-3ae5c524,Internal Use,Sandbox Cloud Individual Project,eng-quality
obickell-a4f7873a,Internal Use,Sandbox Cloud Individual Project,sales-cs
onemoz-ebc7e74c,Internal Use,Sandbox Cloud Individual Project,eng-support
opstrace-dev-bee41fca,Internal Use,Sandbox Cloud Individual Project,opstrace-realm
opstrace-prd-ac6ca492,Internal Use,Sandbox Cloud Individual Project,opstrace-realm
opstrace-stg-a8655950,Internal Use,Sandbox Cloud Individual Project,opstrace-realm
pagerslack-prd-a360db62,Internal Use,Sandbox Cloud Individual Project,eng-infra-saas-realm
partiaga-162873c0,Internal Use,Sandbox Cloud Individual Project,eng-dev
pattouche-e91e5654,Internal Use,Sandbox Cloud Individual Project,sales-cs
pbopardikar-3c1388e8,Internal Use,Sandbox Cloud Individual Project,sales-cs
pdistefano-45132489,Internal Use,Sandbox Cloud Individual Project,sales-cs
pgascouvaillancourt-aaeea5c9,Internal Use,Sandbox Cloud Individual Project,eng-dev
pguinoiseau-d4a81af5,Internal Use,Sandbox Cloud Individual Project,eng-infra
pkaldis-25c20ab5,Internal Use,Sandbox Cloud Individual Project,ga-business-tech
pkng-c10777e3,Internal Use,Sandbox Cloud Individual Project,sales-cs
platypus-dev-2af94120,Internal Use,Sandbox Cloud Group Project,platypus
plaurinavicius-801f6d5d,Internal Use,Sandbox Cloud Individual Project,ga-business-tech
pmurray-53d6b977,Internal Use,Sandbox Cloud Individual Project,eng-support
prozlach-2b5ea49f,Internal Use,Sandbox Cloud Individual Project,eng-dev
psteinhardt-1ee5ebab,Internal Use,Sandbox Cloud Individual Project,eng-dev
psureshbabu-37f89ce9,Internal Use,Sandbox Cloud Individual Project,eng-support
ramarilla-23ecfc7d,Internal Use,Sandbox Cloud Individual Project,sales-cs
ratchade-6071ea85,Internal Use,Sandbox Cloud Individual Project,eng-dev
rcastro-4ff0429f,Internal Use,Sandbox Cloud Individual Project,eng-support
rdeoliveira-1259dc04,Internal Use,Sandbox Cloud Individual Project,eng-support
remy-d65bf3c2,Internal Use,Sandbox Cloud Individual Project,eng-quality
rfuerst-2c5d38f6,Internal Use,Sandbox Cloud Individual Project,sales-cs
rjackson-9384e423,Internal Use,Sandbox Cloud Individual Project,sales-cs
rkelly-b24a6cae,Internal Use,Sandbox Cloud Individual Project,eng-support
rmongare-431eae0a,Internal Use,Sandbox Cloud Individual Project,eng-support
rraquedan-3914aafb,Internal Use,Sandbox Cloud Individual Project,sales-cs
rtomonari-842900000000000000000,Internal Use,Sandbox Cloud Individual Project,eng-dev
rvanzon-d27347ca,Internal Use,Sandbox Cloud Individual Project,eng-support
rverschoor-b702d512,Internal Use,Sandbox Cloud Individual Project,eng-support
rwilliams-41f787bc,Internal Use,Sandbox Cloud Individual Project,sales-cs
ryappleby-b426dcfe,Internal Use,Sandbox Cloud Individual Project,sales-ps-consulting
sa-candidate-experience-8049f430,Internal Use,Sandbox Cloud Group Project,sales-cs
sabrams-c2fed692,Internal Use,Sandbox Cloud Individual Project,eng-dev
sahbabou-a5e6367b,Internal Use,Sandbox Cloud Individual Project,eng-support
sakkoub-bd1da255,Internal Use,Sandbox Cloud Individual Project,sales-cs
sales-cs-postfacto-3ec9e6c4,Internal Use,Sandbox Cloud Group Project,eng-services-realm
sales-cs-sandbox-sa-candidate-experience-f59c8264,Internal Use,Sandbox Cloud Individual Project,sales-cs
sazhar-729b5e3c,Internal Use,Sandbox Cloud Individual Project,eng-support
sazzopardi-c49acbd3,Internal Use,Sandbox Cloud Individual Project,eng-infra
sberger-3d6365e2,Internal Use,Sandbox Cloud Individual Project,eng-dev
sbernaldamasco-58917af9,Internal Use,Sandbox Cloud Individual Project,eng-support
sbouly-c38378b5,Internal Use,Sandbox Cloud Individual Project,eng-support
sbrienen-afb3d2f8,Internal Use,Sandbox Cloud Individual Project,sales-cs
sbrightwell-bc525ce8,Internal Use,Sandbox Cloud Individual Project,sales-cs
scarpenter-2d912ba9,Internal Use,Sandbox Cloud Individual Project,eng-support
schaplin-955ff72d,Internal Use,Sandbox Cloud Individual Project,sales-cs
schin-f87ee9b9,Internal Use,Sandbox Cloud Individual Project,eng-infra
sean-f17b6f77,Internal Use,Sandbox Cloud Individual Project,eng-infra
sec-compliance-iscp-c3cb3043,Internal Use,Sandbox Cloud Group Project,eng-security
sec-gsoc-pkg-hunter-549cc267,Internal Use,Sandbox Cloud Individual Project,eng-security
sec-pm-demo-fe397a9f,Internal Use,Sandbox Cloud Group Project,product-mgmt
sec-vuln-mgmt-ca371c51,Internal Use,Sandbox Cloud Group Project,eng-security
sfirdaus-d0123ef9,Internal Use,Sandbox Cloud Individual Project,sales-ps-consulting
sgeorge-19d0d141,Internal Use,Sandbox Cloud Individual Project,eng-infra
sgrossman-1502bd7e,Internal Use,Sandbox Cloud Individual Project,sales-cs
shewitt-c9f1cb28,Internal Use,Sandbox Cloud Individual Project,eng-support
skamani-3847cfb6,Internal Use,Sandbox Cloud Individual Project,sales-cs
sladgrove-c1a313b9,Internal Use,Sandbox Cloud Individual Project,ga-business-tech
sliaquat-2f92b468,Internal Use,Sandbox Cloud Individual Project,eng-quality
smanicor-48377627,Internal Use,Sandbox Cloud Individual Project,sales-cs
smansfield-e7b1322d,Internal Use,Sandbox Cloud Individual Project,sales-cs
smsingh-dbf03362,Internal Use,Sandbox Cloud Individual Project,sales-cs
snachnolkar-22e7f860,Internal Use,Sandbox Cloud Individual Project,eng-dev
spahl-96f32ecf,Internal Use,Sandbox Cloud Individual Project,product-mgmt
spatnaik-a11cc4ab,Internal Use,Sandbox Cloud Individual Project,eng-dev
ssrey-e885af15,Internal Use,Sandbox Cloud Individual Project,eng-support
ssrirangan-504e97bf,Internal Use,Sandbox Cloud Individual Project,sales-cs
sstreet-2078e4c7,Internal Use,Sandbox Cloud Individual Project,eng-support
stan-745c536c,Internal Use,Sandbox Cloud Individual Project,eng-dev
sterhar-bade2411,Internal Use,Sandbox Cloud Individual Project,sales-cs
svijayakumaran-2cee4dcf,Internal Use,Sandbox Cloud Individual Project,sales-cs
swainaina-e7bf47be,Internal Use,Sandbox Cloud Individual Project,eng-support
swalters-23953f6f,Internal Use,Sandbox Cloud Individual Project,sales-cs
tatkins-4c16d7ce,Internal Use,Sandbox Cloud Individual Project,eng-support
tdavis-204aaa60,Internal Use,Sandbox Cloud Individual Project,mktg-product
tenable-connector-a163ba0c,Internal Use,Sandbox Cloud Group Project,eng-services-realm
tfurrer-c0e87d3e,Internal Use,Sandbox Cloud Individual Project,eng-dev
tguo-1f1417ae,Internal Use,Sandbox Cloud Individual Project,eng-dev
tkomatsubara-32f96523,Internal Use,Sandbox Cloud Individual Project,sales-cs
tmcatee-b526b6ab,Internal Use,Sandbox Cloud Individual Project,eng-support
tmedlin-40a0b706,Internal Use,Sandbox Cloud Individual Project,sales-cs
tpresa-f4239223,Internal Use,Sandbox Cloud Individual Project,sales-ps-consulting
tskora-11fd94ca,Internal Use,Sandbox Cloud Individual Project,sales-cs
ufierro-0d4f6a96,Internal Use,Sandbox Cloud Individual Project,eng-support
ugovindia-bca6aa7d,Internal Use,Sandbox Cloud Individual Project,eng-security
unreview-poc-39020000000,Internal Use,Sandbox Cloud Group Project,eng-dev
vbrodsky-c985f3ec,Internal Use,Sandbox Cloud Individual Project,eng-support
vbudica-99836d48,Internal Use,Sandbox Cloud Individual Project,sales-cs
vburton-cccde6ca,Internal Use,Sandbox Cloud Individual Project,eng-quality
vdzalbo-b1f4cf72,Internal Use,Sandbox Cloud Individual Project,sales-cs
vhariharan-af4aefb7,Internal Use,Sandbox Cloud Individual Project,eng-support
vmihai-3e2150a0,Internal Use,Sandbox Cloud Individual Project,eng-support
vnagy-ec626bda,Internal Use,Sandbox Cloud Individual Project,product-mgmt
vponnapalli-e4707ad8,Internal Use,Sandbox Cloud Individual Project,sales-practice-mgmt
vslobodin-bcb27017,Internal Use,Sandbox Cloud Individual Project,eng-dev
vstoianovici-36e9f546,Internal Use,Sandbox Cloud Individual Project,eng-support
vtak-6d9b02af,Internal Use,Sandbox Cloud Individual Project,eng-dev
warias-099fa08d,Internal Use,Sandbox Cloud Individual Project,mktg-product
wchandler-a1c8fd64,Internal Use,Sandbox Cloud Individual Project,eng-support
wjenkins-36891b64,Internal Use,Sandbox Cloud Individual Project,eng-support
wlee-e9720ea2,Internal Use,Sandbox Cloud Individual Project,eng-support
yliu-63eeeb5f,Internal Use,Sandbox Cloud Individual Project,eng-quality